"origin","destination","count"
"m_una","m_del",1
"abkp","m_dur",1
"abkp","jbp",1
"abkp","sdl",1
"m_fir","m_jod",1
"m_adi","m_chi",1
"m_ahm","m_agr",1
"m_ahm","aii",1
"m_ahm","m_all",1
"m_ahm","m_gre",1
"m_ahm","m_gre",1
"m_ahm","m_jod",1
"m_ahm","bl",1
"m_ahm","m_var",1
"m_ahm","m_gre",1
"m_ahm","dbg",1
"m_ahm","m_del",1
"m_ahm","gkp",1
"m_ahm","hw",1
"m_ahm","m_kol",1
"m_ahm","jat",1
"m_ahm","jp",1
"m_ahm","m_kol",1
"m_ahm","kop",1
"m_ahm","m_luc",1
"m_ahm","m_che",1
"m_ahm","m_del",1
"m_ahm","m_nag",1
"m_ahm","m_del",1
"m_ahm","m_kac",1
"m_ahm","m_pat",1
"m_ahm","m_pun",1
"m_ahm","puri",1
"m_ahm","sln",1
"m_ahm","m_ana",1
"m_ahm","uhp",1
"m_ahm","m_jun",1
"m_ahm","m_jun",1
"m_ahm","m_ban",1
"m_ahm","m_uda",1
"m_agr","m_ahm",1
"m_agr","aii",1
"m_agr","jp",1
"m_agr","rtm",1
"m_agr","m_kol",1
"m_agr","m_luc",1
"m_agr","m_gre",1
"m_agr","m_del",1
"aii","m_ahm",1
"aii","m_agr",1
"aii","m_amr",1
"aii","m_gre",1
"aii","bgp",1
"aii","cdg",1
"aii","m_del",1
"aii","m_gre",1
"aii","m_dur",1
"aii","ers",1
"aii","hw",1
"aii","m_hyd",1
"aii","jat",1
"aii","jbp",1
"aii","m_jod",1
"aii","kne",1
"aii","m_kol",1
"aii","m_mys",1
"aii","m_del",1
"aii","m_del",1
"aii","puri",1
"aii","m_pat",1
"aii","m_ran",1
"aii","rtm",1
"aii","m_ban",1
"aii","m_kol",1
"m_nag","m_gre",1
"ak","m_ind",1
"ak","m_hyd",1
"ak","ujn",1
"m_vis","m_kri",1
"m_all","m_ahm",1
"m_all","cdg",1
"m_all","hw",1
"m_all","jp",1
"m_all","m_luc",1
"m_all","m_gre",1
"m_all","mtc",1
"m_all","m_del",1
"m_all","sre",1
"allp","can",1
"allp","m_dha",1
"allp","m_che",1
"m_all","m_kol",1
"amh","m_del",1
"amh","m_kol",1
"amh","m_gre",1
"m_amr","m_gre",1
"m_amr","jbp",1
"m_amr","m_pun",1
"m_amr","m_sur",1
"m_amr","m_chi",1
"m_del","shc",1
"m_del","bgp",1
"m_del","m_var",1
"m_del","m_kan",1
"m_del","gaya",1
"m_del","m_kam",1
"m_del","gkp",1
"m_del","m_eas",1
"m_del","m_ran",1
"m_del","jbn",1
"m_del","jyg",1
"m_del","m_nai",1
"m_del","m_kol",1
"m_del","kyq",1
"m_del","m_luc",1
"m_del","m_luc",1
"m_del","mau",1
"m_del","mfp",1
"m_del","mldt",1
"m_del","rewa",1
"m_del","smi",1
"m_del","m_kol",1
"m_del","m_ana",1
"m_jal","dbb",1
"m_jal","m_del",1
"m_jal","m_kol",1
"m_luc","m_bar",1
"asn","m_bha",1
"asn","m_gre",1
"asn","gd",1
"asn","gkp",1
"asn","m_kol",1
"asn","m_che",1
"asn","m_kol",1
"asn","tata",1
"m_amr","aii",1
"m_amr","m_gre",1
"m_amr","m_gre",1
"m_amr","m_bil",1
"m_amr","m_bil",1
"m_amr","cdg",1
"m_amr","m_kan",1
"m_amr","m_gre",1
"m_amr","m_dib",1
"m_amr","m_deh",1
"m_amr","hw",1
"m_amr","m_kol",1
"m_amr","m_ind",1
"m_amr","jyg",1
"m_amr","m_thi",1
"m_amr","kir",1
"m_amr","m_kol",1
"m_amr","m_nai",1
"m_amr","m_del",1
"m_amr","m_nan",1
"m_amr","m_kol",1
"m_amr","sdlp",1
"m_amr","shc",1
"m_amr","tata",1
"m_amr","m_vis",1
"m_amr","m_del",1
"m_aur","m_gre",1
"m_aur","m_gre",1
"m_aur","m_hyd",1
"m_aur","m_hyd",1
"m_aur","m_nan",1
"m_aur","m_nan",1
"m_aur","m_chi",1
"m_aur","m_chi",1
"m_mur","m_kol",1
"m_ana","sina",1
"baka","m_pat",1
"bbn","ckp",1
"bbn","m_kol",1
"bbn","puri",1
"bbs","bgy",1
"bbs","m_bol",1
"bbs","m_ban",1
"bbs","m_gre",1
"bbs","m_dha",1
"bbs","m_kol",1
"bbs","jdb",1
"bbs","m_jun",1
"bbs","m_jun",1
"bbs","m_gre",1
"bbs","m_che",1
"bbs","m_del",1
"bbs","pdy",1
"bbs","m_pat",1
"bbs","m_pun",1
"bbs","rmm",1
"bbs","rou",1
"bbs","m_ban",1
"bbs","m_hyd",1
"bbs","m_chi",1
"bbs","m_vis",1
"bbs","m_ban",1
"m_gre","m_ahm",1
"m_gre","m_amr",1
"m_gre","brc",1
"m_gre","m_fir",1
"m_gre","m_ind",1
"m_gre","jp",1
"m_gre","m_del",1
"m_gre","m_del",1
"m_gre","m_kac",1
"m_gre","pbr",1
"m_gre","m_sur",1
"m_kha","m_hyd",1
"bdl","m_luc",1
"m_gre","m_ahm",1
"m_gre","m_amr",1
"m_gre","m_jod",1
"m_gre","m_kac",1
"m_gre","m_bik",1
"m_gre","m_bha",1
"m_gre","cdg",1
"m_gre","m_kan",1
"m_gre","m_deh",1
"m_gre","m_del",1
"m_gre","m_kac",1
"m_gre","gkp",1
"m_gre","hsr",1
"m_gre","hw",1
"m_gre","jam",1
"m_gre","jat",1
"m_gre","jhs",1
"m_gre","jp",1
"m_gre","jsm",1
"m_gre","m_jod",1
"m_gre","m_luc",1
"m_gre","mfp",1
"m_gre","m_del",1
"m_gre","m_bha",1
"m_gre","m_pat",1
"m_gre","rmr",1
"m_gre","m_sur",1
"m_gre","m_uda",1
"m_bar","m_kac",1
"m_bar","m_var",1
"m_bar","m_del",1
"m_bar","gd",1
"m_bar","m_ind",1
"m_bar","m_gre",1
"m_bar","m_del",1
"m_bar","m_all",1
"m_bar","m_son",1
"m_bar","m_son",1
"bgk","m_mys",1
"m_jod","m_ahm",1
"m_jod","m_gre",1
"m_jod","m_bil",1
"m_jod","m_bil",1
"m_jod","m_del",1
"m_jod","m_bar",1
"m_jod","mq",1
"m_jod","m_pun",1
"m_jod","m_ban",1
"m_jod","m_vis",1
"bgp","aii",1
"bgp","m_del",1
"bgp","m_pat",1
"bgp","jat",1
"bgp","m_gre",1
"bgp","mfp",1
"bgp","m_del",1
"bgp","m_ran",1
"bgp","m_sur",1
"bgp","m_ban",1
"bgy","bbs",1
"m_bir","m_kol",1
"m_kac","m_gre",1
"m_kac","m_bar",1
"m_kac","m_gre",1
"m_kac","m_pun",1
"m_kac","m_kol",1
"bidr","m_gre",1
"bidr","m_ban",1
"bix","m_ind",1
"bix","kota",1
"m_bok","m_kol",1
"bjp","m_hyd",1
"bjp","m_gre",1
"bjp","m_sol",1
"bju","ers",1
"bju","g",1
"bju","gwl",1
"bju","m_luc",1
"bju","m_del",1
"m_bik","m_gre",1
"m_bik","m_bil",1
"m_bik","m_bil",1
"m_bik","m_coi",1
"m_bik","m_del",1
"m_bik","m_gre",1
"m_bik","m_kam",1
"m_bik","hw",1
"m_bik","m_kol",1
"m_bik","jp",1
"m_bik","jsm",1
"m_bik","m_thi",1
"m_bik","m_kol",1
"m_bik","m_che",1
"m_bik","m_nan",1
"m_bik","puri",1
"m_bik","m_hyd",1
"m_bik","m_ban",1
"m_bok","m_kol",1
"bl","m_ahm",1
"bl","m_kan",1
"bl","hw",1
"bl","m_jod",1
"bl","mfp",1
"bl","puri",1
"m_bol","bbs",1
"blgt","m_kol",1
"blgt","m_kol",1
"blgt","m_kol",1
"m_bar","m_del",1
"m_bar","m_kam",1
"m_bar","hw",1
"m_bar","klk",1
"m_bar","m_ban",1
"m_ban","bbs",1
"m_ban","m_kri",1
"m_ban","kyq",1
"bnw","m_kan",1
"m_bho","m_bil",1
"m_bho","m_bil",1
"m_bho","dmo",1
"m_bho","m_dur",1
"m_bho","et",1
"m_bho","gwl",1
"m_bho","m_kol",1
"m_bho","m_ind",1
"m_bho","jp",1
"m_bho","m_jod",1
"m_bho","m_luc",1
"m_bho","m_pra",1
"m_bho","rtm",1
"bpq","m_gre",1
"bpq","m_hyd",1
"brc","m_gre",1
"m_dha","m_pat",1
"m_dha","m_pat",1
"m_pun","m_pun",1
"brwd","m_bar",1
"m_var","m_ahm",1
"m_var","m_del",1
"m_var","m_bar",1
"m_var","cdg",1
"m_var","m_kan",1
"m_var","m_gre",1
"m_var","m_deh",1
"m_var","gd",1
"m_var","gwl",1
"m_var","jat",1
"m_var","m_jod",1
"m_var","kurj",1
"m_var","m_luc",1
"m_var","m_gre",1
"m_var","m_mys",1
"m_var","m_del",1
"m_var","m_kac",1
"m_var","rgd",1
"m_var","rmm",1
"m_var","m_ran",1
"m_var","sbp",1
"m_var","m_kol",1
"m_var","m_son",1
"m_var","m_sur",1
"bsc","m_all",1
"m_jal","m_jal",1
"m_jal","m_gre",1
"m_jal","m_nag",1
"m_jal","m_del",1
"m_jal","m_pun",1
"m_jal","m_sur",1
"m_bil","m_amr",1
"m_bil","m_amr",1
"m_bil","m_jod",1
"m_bil","m_jod",1
"m_bil","m_bik",1
"m_bil","m_bik",1
"m_bil","m_bho",1
"m_bil","m_bho",1
"m_bil","chrm",1
"m_bil","chrm",1
"m_bil","ers",1
"m_bil","ers",1
"m_bil","hapa",1
"m_bil","hapa",1
"m_bil","m_ind",1
"m_bil","m_ind",1
"m_bil","m_che",1
"m_bil","m_che",1
"m_bil","m_del",1
"m_bil","m_del",1
"m_bil","m_nag",1
"m_bil","m_nag",1
"m_bil","m_pat",1
"m_bil","m_pat",1
"m_bil","m_pun",1
"m_bil","m_pun",1
"m_bil","rewa",1
"m_bil","rewa",1
"m_bil","tata",1
"m_bil","tata",1
"m_bil","m_tir",1
"m_bil","m_tir",1
"m_bil","m_chi",1
"m_bil","m_chi",1
"btc","jbp",1
"bti","m_del",1
"bti","jat",1
"bti","m_bik",1
"bti","m_del",1
"bui","m_kol",1
"m_bha","asn",1
"m_bha","m_gre",1
"m_bha","m_eas",1
"m_bha","m_del",1
"m_bha","m_thi",1
"m_bha","m_kac",1
"m_bha","m_sur",1
"m_kri","m_ban",1
"m_kri","m_che",1
"m_kri","rgda",1
"m_kri","m_hyd",1
"m_kri","snsi",1
"m_kri","m_dha",1
"m_kri","m_vis",1
"can","allp",1
"can","ers",1
"can","m_ban",1
"can","m_thi",1
"can","m_ban",1
"m_kan","m_gre",1
"m_kan","m_dib",1
"m_kan","m_kol",1
"m_kan","jat",1
"m_kan","m_che",1
"m_kan","m_del",1
"m_kan","pdy",1
"m_kan","rmm",1
"m_kan","m_ban",1
"m_coi","m_bik",1
"m_coi","jp",1
"m_coi","m_gre",1
"m_coi","m_dak",1
"m_coi","m_che",1
"m_coi","mq",1
"m_coi","m_nag",1
"m_coi","m_kan",1
"m_coi","m_del",1
"m_coi","rjt",1
"m_coi","rmm",1
"m_coi","m_tho",1
"m_coi","m_chi",1
"m_coi","m_ban",1
"m_eas","m_bha",1
"m_eas","m_ban",1
"m_eas","m_hyd",1
"m_eas","snsi",1
"cdg","aii",1
"cdg","m_all",1
"cdg","m_amr",1
"cdg","m_gre",1
"cdg","m_var",1
"cdg","m_dib",1
"cdg","m_ind",1
"cdg","jp",1
"cdg","m_thi",1
"cdg","m_luc",1
"cdg","m_luc",1
"cdg","m_sou",1
"cdg","mdu",1
"cdg","m_del",1
"cdg","m_pat",1
"cdg","rmr",1
"cdg","m_ban",1
"chd","chrm",1
"che","m_hyd",1
"chrm","m_bil",1
"chrm","m_bil",1
"chrm","chd",1
"chrm","m_dur",1
"chrm","rewa",1
"ckp","bbn",1
"ckp","m_kol",1
"clt","m_thi",1
"m_mys","m_chi",1
"m_kan","m_del",1
"m_kan","m_amr",1
"m_kan","m_gre",1
"m_kan","bl",1
"m_kan","bnw",1
"m_kan","m_var",1
"m_kan","m_dur",1
"m_kan","jat",1
"m_kan","m_nai",1
"m_kan","m_del",1
"m_eas","m_hyd",1
"m_eas","m_gre",1
"m_eas","m_che",1
"m_eas","m_hyd",1
"m_eas","m_chi",1
"m_kan","gkp",1
"cpr","m_dur",1
"cpr","fbd",1
"cpr","m_luc",1
"cpr","m_gre",1
"cpr","m_che",1
"cpr","mtj",1
"cpr","m_var",1
"cpr","m_sur",1
"cpr","m_ana",1
"cpr","tata",1
"m_jal","m_jal",1
"m_jal","m_gre",1
"m_jal","dhi",1
"m_gre","m_amr",1
"m_gre","asn",1
"m_gre","m_amr",1
"m_gre","bjp",1
"m_gre","m_var",1
"m_gre","m_kan",1
"m_gre","m_jal",1
"m_gre","m_fir",1
"m_gre","g",1
"m_gre","m_kol",1
"m_gre","m_hyd",1
"m_gre","jbp",1
"m_gre","kop",1
"m_gre","m_luc",1
"m_gre","lur",1
"m_gre","m_dak",1
"m_gre","m_sou",1
"m_gre","m_che",1
"m_gre","m_nas",1
"m_gre","m_kan",1
"m_gre","m_nan",1
"m_gre","m_nag",1
"m_gre","m_pat",1
"m_gre","m_pun",1
"m_gre","m_sol",1
"m_gre","m_ban",1
"m_gre","m_hyd",1
"m_gre","snsi",1
"m_gre","m_sol",1
"m_gre","m_thi",1
"m_chi","m_hyd",1
"cwa","m_del",1
"cwa","m_ind",1
"cwa","m_nag",1
"m_nan","m_nas",1
"m_pur","m_kol",1
"dbb","m_jal",1
"dbb","m_nag",1
"dbg","m_ahm",1
"dbg","m_del",1
"dbg","m_kol",1
"dbg","m_kol",1
"dbg","m_gre",1
"dbg","m_mys",1
"dbg","m_del",1
"dbg","m_tin",1
"dbg","m_pun",1
"dbg","m_hyd",1
"m_dib","m_amr",1
"m_dib","m_kan",1
"m_dib","cdg",1
"m_dib","m_del",1
"m_dib","m_kol",1
"m_dib","jaj",1
"m_dib","m_kol",1
"m_dib","kyq",1
"m_dib","m_che",1
"m_dib","m_del",1
"m_dib","m_kam",1
"m_dib","m_ban",1
"m_dib","m_del",1
"m_pun","m_nan",1
"m_deh","m_all",1
"m_deh","m_amr",1
"m_deh","m_gre",1
"m_deh","m_var",1
"m_deh","m_del",1
"m_deh","gkp",1
"m_deh","m_kol",1
"m_deh","m_ind",1
"m_deh","m_thi",1
"m_deh","m_nai",1
"m_deh","mdu",1
"m_deh","mfp",1
"m_deh","m_del",1
"m_deh","m_kac",1
"m_deh","ujn",1
"m_del","aii",1
"m_del","m_gre",1
"m_del","m_jod",1
"m_del","m_bik",1
"m_del","cwa",1
"m_del","m_deh",1
"m_del","m_fir",1
"m_del","jat",1
"m_del","jp",1
"m_del","m_jod",1
"m_del","klk",1
"m_del","pbr",1
"m_del","rjt",1
"m_del","m_ana",1
"m_del","m_uda",1
"m_del","uhp",1
"m_del","m_ban",1
"m_eas","m_kol",1
"m_eas","mldt",1
"m_eas","m_jal",1
"m_eas","puri",1
"m_eas","m_vis",1
"dhd","m_bho",1
"dhi","m_jal",1
"dhi","m_gre",1
"m_dha","allp",1
"m_dha","bbs",1
"m_dha","m_fir",1
"m_dha","m_kol",1
"m_dha","kop",1
"m_dha","m_pat",1
"m_dha","tata",1
"diva","swv",1
"m_dar","m_dar",1
"m_dar","m_dar",1
"dkgn","kyq",1
"m_del","m_una",1
"m_del","m_ahm",1
"m_del","amh",1
"m_del","m_jal",1
"m_del","m_amr",1
"m_del","m_bar",1
"m_del","bti",1
"m_del","dbg",1
"m_del","m_dib",1
"m_del","fd",1
"m_del","m_fir",1
"m_del","hsx",1
"m_del","jat",1
"m_del","jsm",1
"m_del","m_jod",1
"m_del","m_nai",1
"m_del","ktw",1
"m_del","mldt",1
"m_del","m_pra",1
"m_del","ptk",1
"m_del","m_pur",1
"m_del","m_kol",1
"m_del","sgnr",1
"m_del","sln",1
"m_del","spc",1
"m_del","uhp",1
"m_del","umb",1
"m_ana","m_vis",1
"dmo","m_bho",1
"dmv","kyq",1
"m_pat","bgp",1
"m_pat","grd",1
"m_pat","m_kol",1
"m_pat","jyg",1
"m_pat","kyq",1
"m_pat","m_jal",1
"m_pat","rgd",1
"m_pat","sbg",1
"m_pat","shc",1
"m_pat","tata",1
"m_gre","aii",1
"m_gre","m_aur",1
"m_gre","m_aur",1
"m_gre","m_kac",1
"m_gre","m_bik",1
"m_gre","m_jal",1
"m_gre","m_sou",1
"m_gre","m_che",1
"m_gre","m_mys",1
"m_gre","pdy",1
"m_gre","rn",1
"m_gre","snsi",1
"m_gre","swv",1
"m_gre","m_tir",1
"m_dur","r",1
"dumk","m_ran",1
"m_dur","abkp",1
"m_dur","aii",1
"m_dur","m_bho",1
"m_dur","m_kan",1
"m_dur","cpr",1
"m_dur","jat",1
"m_dur","jdb",1
"m_dur","jp",1
"m_dur","ntv",1
"m_dur","m_del",1
"m_dur","puri",1
"m_dur","m_pat",1
"m_dur","m_vis",1
"m_dha","m_mys",1
"m_dha","m_ban",1
"m_dha","m_sol",1
"ed","m_che",1
"ers","aii",1
"ers","bju",1
"ers","m_bil",1
"ers","m_bil",1
"ers","can",1
"ers","kik",1
"ers","m_gre",1
"ers","m_sou",1
"ers","m_che",1
"ers","m_del",1
"ers","m_kac",1
"ers","m_pat",1
"ers","m_pun",1
"ers","m_ban",1
"ers","m_thi",1
"et","m_bho",1
"fbd","cpr",1
"fd","m_del",1
"fd","m_gre",1
"m_fir","m_del",1
"m_fir","m_gre",1
"m_fir","m_gre",1
"m_fir","m_del",1
"m_fir","m_dha",1
"g","bju",1
"g","m_gre",1
"g","kop",1
"g","m_rai",1
"g","m_rai",1
"m_kor","m_nag",1
"gaya","m_del",1
"gaya","m_kol",1
"gaya","kyq",1
"gaya","m_che",1
"gaya","m_del",1
"gd","asn",1
"gd","m_bar",1
"gd","m_var",1
"gd","gwl",1
"gdr","m_hyd",1
"m_kam","m_del",1
"m_kam","m_bar",1
"m_kam","m_kol",1
"m_kam","jat",1
"m_kam","jttn",1
"m_kam","m_thi",1
"m_kam","m_kol",1
"m_kam","m_gre",1
"m_kam","m_che",1
"m_kam","m_del",1
"m_kam","nhln",1
"m_kam","m_kac",1
"m_kam","puri",1
"m_kam","m_ban",1
"m_kam","m_hyd",1
"m_kam","m_kol",1
"m_kam","m_thi",1
"m_kac","m_gre",1
"m_kac","m_kol",1
"m_kac","m_jod",1
"m_kac","kyq",1
"m_kac","m_kan",1
"m_kac","puri",1
"m_kac","m_ban",1
"m_kac","m_vis",1
"gkp","m_ahm",1
"gkp","m_del",1
"gkp","asn",1
"gkp","m_gre",1
"gkp","m_kan",1
"gkp","m_deh",1
"gkp","hsr",1
"gkp","m_ran",1
"gkp","jat",1
"gkp","m_kol",1
"gkp","m_luc",1
"gkp","m_gre",1
"gkp","m_var",1
"gkp","m_kac",1
"gkp","m_pun",1
"gkp","m_hyd",1
"gkp","m_kol",1
"gkp","m_thi",1
"gkp","m_ban",1
"gnc","m_ind",1
"m_gun","m_hyd",1
"m_gun","m_hyd",1
"m_gun","vkb",1
"m_gun","m_vis",1
"grd","m_pat",1
"m_ana","m_chi",1
"guv","m_che",1
"guv","m_thi",1
"gwl","bju",1
"gwl","m_bho",1
"gwl","m_var",1
"gwl","gd",1
"gwl","m_kol",1
"gwl","m_ind",1
"gwl","m_pun",1
"hapa","m_bil",1
"hapa","m_bil",1
"hapa","jat",1
"hapa","m_sou",1
"hapa","m_sur",1
"hapa","m_tir",1
"m_bho","m_gre",1
"m_bho","dhd",1
"m_bho","m_ind",1
"m_bho","jbp",1
"m_bho","m_gre",1
"m_bho","m_del",1
"m_bho","m_del",1
"m_bho","rewa",1
"m_koc","m_kol",1
"m_koc","m_kol",1
"m_eas","m_del",1
"m_eas","m_che",1
"hpt","m_ban",1
"hrr","m_ban",1
"hsr","m_amr",1
"hsr","m_gre",1
"hsr","gkp",1
"hsr","jp",1
"hsx","m_del",1
"m_ran","m_del",1
"m_ran","gkp",1
"m_ran","m_kol",1
"m_ran","m_gre",1
"m_ran","m_pat",1
"m_ran","m_pun",1
"m_ran","puri",1
"m_ran","m_pat",1
"m_ran","m_ban",1
"hw","m_ahm",1
"hw","aii",1
"hw","m_all",1
"hw","m_amr",1
"hw","m_gre",1
"hw","m_bik",1
"hw","bl",1
"hw","m_bar",1
"hw","m_kol",1
"hw","m_gre",1
"hw","puri",1
"hw","rmr",1
"hw","m_una",1
"m_kol","m_ahm",1
"m_kol","m_all",1
"m_kol","asn",1
"m_kol","m_amr",1
"m_kol","m_mur",1
"m_kol","bbn",1
"m_kol","bbs",1
"m_kol","m_bir",1
"m_kol","m_bok",1
"m_kol","blgt",1
"m_kol","m_bho",1
"m_kol","m_kan",1
"m_kol","ckp",1
"m_kol","m_gre",1
"m_kol","dbg",1
"m_kol","m_dib",1
"m_kol","m_deh",1
"m_kol","m_eas",1
"m_kol","m_dha",1
"m_kol","m_pat",1
"m_kol","ers",1
"m_kol","gaya",1
"m_kol","m_kam",1
"m_kol","m_kac",1
"m_kol","gwl",1
"m_kol","m_ran",1
"m_kol","hw",1
"m_kol","m_hyd",1
"m_kol","m_ind",1
"m_kol","jat",1
"m_kol","jbp",1
"m_kol","jdb",1
"m_kol","jmp",1
"m_kol","jsm",1
"m_kol","m_jod",1
"m_kol","m_nai",1
"m_kol","kir",1
"m_kol","klk",1
"m_kol","m_nai",1
"m_kol","m_gre",1
"m_kol","m_che",1
"m_kol","m_pat",1
"m_kol","mldt",1
"m_kol","mtj",1
"m_kol","m_mys",1
"m_kol","m_del",1
"m_kol","m_jal",1
"m_kol","pbr",1
"m_kol","pdy",1
"m_kol","m_pat",1
"m_kol","prr",1
"m_kol","m_pun",1
"m_kol","puri",1
"m_kol","m_ran",1
"m_kol","rph",1
"m_kol","m_pur",1
"m_kol","sbp",1
"m_kol","m_hyd",1
"m_kol","sgnr",1
"m_kol","snsi",1
"m_kol","m_ana",1
"m_kol","m_bir",1
"m_kol","tata",1
"m_kol","m_bol",1
"m_kol","tpj",1
"m_kol","m_sou",1
"m_kol","m_ban",1
"m_hyd","aii",1
"m_hyd","m_aur",1
"m_hyd","m_aur",1
"m_hyd","bjp",1
"m_hyd","che",1
"m_hyd","m_eas",1
"m_hyd","m_gre",1
"m_hyd","m_kol",1
"m_hyd","kop",1
"m_hyd","m_che",1
"m_hyd","m_del",1
"m_hyd","m_wes",1
"m_hyd","m_del",1
"m_hyd","m_par",1
"m_hyd","m_pun",1
"m_hyd","m_pur",1
"m_hyd","m_chi",1
"m_hyd","m_thi",1
"m_hyd","m_vis",1
"m_ind","m_amr",1
"m_ind","m_gre",1
"m_ind","m_bar",1
"m_ind","bix",1
"m_ind","m_bho",1
"m_ind","m_bil",1
"m_ind","m_bil",1
"m_ind","cdg",1
"m_ind","cwa",1
"m_ind","m_deh",1
"m_ind","gnc",1
"m_ind","gwl",1
"m_ind","m_bho",1
"m_ind","m_kol",1
"m_ind","jat",1
"m_ind","jbp",1
"m_ind","jp",1
"m_ind","m_jod",1
"m_ind","kota",1
"m_ind","m_nag",1
"m_ind","m_del",1
"m_ind","m_pun",1
"m_ind","rewa",1
"m_ind","m_pat",1
"m_ind","m_thi",1
"m_ind","m_uda",1
"m_ind","m_ban",1
"m_ind","ak",1
"m_utt","m_del",1
"m_utt","m_pat",1
"m_nag","tata",1
"m_bar","m_luc",1
"jaj","m_dib",1
"jam","m_gre",1
"jam","jat",1
"jam","m_sur",1
"jat","m_ahm",1
"jat","aii",1
"jat","m_gre",1
"jat","bgp",1
"jat","m_var",1
"jat","bti",1
"jat","m_kan",1
"jat","m_kan",1
"jat","m_del",1
"jat","m_del",1
"jat","m_dur",1
"jat","m_kam",1
"jat","gkp",1
"jat","hapa",1
"jat","m_kol",1
"jat","m_ind",1
"jat","jam",1
"jat","jbp",1
"jat","m_nai",1
"jat","m_kol",1
"jat","kota",1
"jat","m_dak",1
"jat","m_che",1
"jat","mfp",1
"jat","m_del",1
"jat","m_pun",1
"jat","m_pat",1
"jat","m_deh",1
"jat","rou",1
"jat","sgnr",1
"jbn","m_del",1
"jbn","m_kol",1
"jbp","abkp",1
"jbp","aii",1
"jbp","m_amr",1
"jbp","btc",1
"jbp","m_gre",1
"jbp","m_bho",1
"jbp","m_kol",1
"jbp","m_ind",1
"jbp","jat",1
"jbp","m_luc",1
"jbp","m_gre",1
"jbp","m_var",1
"jbp","m_del",1
"jbp","m_nag",1
"jbp","m_del",1
"jbp","m_pun",1
"jbp","rewa",1
"jbp","m_son",1
"jbp","m_una",1
"jbp","m_ban",1
"jdb","bbs",1
"jdb","m_dur",1
"jdb","m_kol",1
"jhs","m_gre",1
"jhs","m_kol",1
"jhs","m_luc",1
"jhs","m_del",1
"jmp","m_kol",1
"m_jun","bbs",1
"m_jun","bbs",1
"jp","m_ahm",1
"jp","m_agr",1
"jp","m_all",1
"jp","m_gre",1
"jp","m_gre",1
"jp","m_bik",1
"jp","m_bho",1
"jp","m_coi",1
"jp","cdg",1
"jp","m_del",1
"jp","m_dur",1
"jp","hsr",1
"jp","m_ind",1
"jp","m_jod",1
"jp","kyq",1
"jp","m_luc",1
"jp","m_mys",1
"jp","m_nag",1
"jp","m_kac",1
"jp","m_pun",1
"jp","rtm",1
"jp","m_hyd",1
"jp","m_uda",1
"jp","m_ban",1
"jsm","m_gre",1
"jsm","m_bik",1
"jsm","m_del",1
"jsm","m_kol",1
"jsm","m_jod",1
"jsm","m_nai",1
"jsme","m_kol",1
"jttn","m_kam",1
"m_jod","aii",1
"m_jod","m_gre",1
"m_jod","bl",1
"m_jod","m_bho",1
"m_jod","m_var",1
"m_jod","bti",1
"m_jod","m_del",1
"m_jod","m_del",1
"m_jod","m_kac",1
"m_jod","m_kol",1
"m_jod","m_ind",1
"m_jod","jp",1
"m_jod","jsm",1
"m_jod","m_che",1
"m_jod","puri",1
"juc","m_del",1
"jyg","m_del",1
"jyg","m_amr",1
"jyg","m_pat",1
"jyg","m_kol",1
"jyg","puri",1
"jyg","m_ran",1
"jyg","m_kol",1
"kawr","m_ban",1
"kawr","m_ban",1
"m_hyd","ak",1
"m_hyd","m_chi",1
"m_hyd","m_gun",1
"m_hyd","m_dak",1
"m_hyd","mdu",1
"m_hyd","m_che",1
"m_hyd","m_kan",1
"m_hyd","m_gun",1
"m_hyd","m_ban",1
"m_hyd","m_chi",1
"m_hyd","m_ban",1
"m_thi","m_amr",1
"m_thi","m_bik",1
"m_thi","m_bha",1
"m_thi","cdg",1
"m_thi","m_deh",1
"m_thi","m_kam",1
"m_thi","m_gre",1
"m_thi","pbr",1
"m_thi","m_ban",1
"m_thi","m_dha",1
"m_thi","m_ban",1
"m_nai","m_del",1
"m_nai","m_kan",1
"m_nai","m_deh",1
"m_nai","m_del",1
"m_nai","m_kol",1
"m_nai","jat",1
"m_nai","jsm",1
"m_nai","m_luc",1
"m_dar","m_dar",1
"m_dar","m_dar",1
"kgp","prr",1
"kgp","vm",1
"kik","ers",1
"kik","m_gre",1
"kik","m_che",1
"kir","m_amr",1
"kir","m_kol",1
"kir","m_pat",1
"kir","m_jal",1
"kir","tata",1
"m_ban","m_vis",1
"m_siv","m_che",1
"klk","m_gre",1
"klk","m_bar",1
"klk","m_del",1
"klk","m_kol",1
"klk","m_del",1
"klk","sml",1
"klk","snsi",1
"klk","m_ana",1
"kne","aii",1
"m_kol","m_ahm",1
"m_kol","m_agr",1
"m_kol","aii",1
"m_kol","amh",1
"m_kol","m_del",1
"m_kol","m_amr",1
"m_kol","m_bik",1
"m_kol","blgt",1
"m_kol","m_pur",1
"m_kol","dbg",1
"m_kol","m_dib",1
"m_kol","m_kam",1
"m_kol","gkp",1
"m_kol","m_koc",1
"m_kol","jat",1
"m_kol","jbn",1
"m_kol","jhs",1
"m_kol","jsme",1
"m_kol","jyg",1
"m_kol","m_mur",1
"m_kol","mfp",1
"m_kol","nldm",1
"m_kol","m_pat",1
"m_kol","m_utt",1
"m_kol","smi",1
"kop","m_ahm",1
"kop","m_gre",1
"kop","m_dha",1
"kop","g",1
"kop","m_hyd",1
"kop","m_nag",1
"kop","m_del",1
"kop","m_par",1
"kop","m_ban",1
"kop","m_sol",1
"kop","m_chi",1
"kota","bix",1
"kota","m_ind",1
"kota","jat",1
"kota","jp",1
"kota","m_del",1
"kota","m_pat",1
"kota","sgnr",1
"kota","uhp",1
"m_kor","m_thi",1
"m_kor","m_vis",1
"m_kor","m_ban",1
"krdl","m_vis",1
"krmi","m_gre",1
"krmr","m_chi",1
"krnt","m_hyd",1
"krpu","rou",1
"ktw","m_del",1
"ktw","m_del",1
"ktw","m_kol",1
"kurj","m_var",1
"kurj","m_del",1
"kurj","m_uda",1
"kyq","m_del",1
"kyq","m_ban",1
"kyq","m_dib",1
"kyq","dkgn",1
"kyq","dmv",1
"kyq","m_pat",1
"kyq","gaya",1
"kyq","m_kac",1
"kyq","jp",1
"kyq","m_tin",1
"kyq","m_nag",1
"kyq","m_gre",1
"kyq","m_pun",1
"kyq","puri",1
"kyq","m_ran",1
"kyq","m_ban",1
"ldh","m_del",1
"m_tin","kyq",1
"m_bik","m_fir",1
"m_bik","m_tin",1
"m_mur","m_kol",1
"m_mur","m_kol",1
"m_luc","m_agr",1
"m_luc","m_del",1
"m_luc","m_gre",1
"m_luc","bju",1
"m_luc","m_bho",1
"m_luc","cdg",1
"m_luc","cpr",1
"m_luc","m_gre",1
"m_luc","gkp",1
"m_luc","jbp",1
"m_luc","jhs",1
"m_luc","jp",1
"m_luc","m_nai",1
"m_luc","m_gre",1
"m_luc","m_che",1
"m_luc","mtc",1
"m_luc","m_var",1
"m_luc","m_del",1
"m_luc","m_pun",1
"m_luc","r",1
"m_luc","m_ahm",1
"m_luc","m_all",1
"m_luc","m_del",1
"m_luc","bdl",1
"m_luc","m_var",1
"m_luc","cdg",1
"m_luc","m_gre",1
"m_luc","m_del",1
"m_luc","nldm",1
"m_luc","m_luc",1
"m_luc","m_ana",1
"m_luc","m_ban",1
"m_nai","m_amr",1
"m_nai","m_kol",1
"m_nag","kyq",1
"m_gre","m_agr",1
"m_gre","m_nag",1
"m_gre","m_all",1
"m_gre","amh",1
"m_gre","bbs",1
"m_gre","m_bar",1
"m_gre","bgp",1
"m_gre","bidr",1
"m_gre","m_var",1
"m_gre","m_coi",1
"m_gre","cpr",1
"m_gre","dbg",1
"m_gre","ers",1
"m_gre","fd",1
"m_gre","m_kam",1
"m_gre","gkp",1
"m_gre","m_bho",1
"m_gre","m_ran",1
"m_gre","hw",1
"m_gre","m_kol",1
"m_gre","m_thi",1
"m_gre","kik",1
"m_gre","krmi",1
"m_gre","kyq",1
"m_gre","m_luc",1
"m_gre","m_luc",1
"m_gre","m_dak",1
"m_gre","m_che",1
"m_gre","mdu",1
"m_gre","mfp",1
"m_gre","m_nas",1
"m_gre","m_nan",1
"m_gre","nzb",1
"m_gre","m_del",1
"m_gre","m_pra",1
"m_gre","puri",1
"m_gre","m_pat",1
"m_gre","m_ran",1
"m_gre","m_hyd",1
"m_gre","m_kol",1
"m_gre","sln",1
"m_gre","m_thi",1
"m_gre","m_dha",1
"m_gre","m_vis",1
"lur","m_gre",1
"m_dak","m_gre",1
"m_sou","cdg",1
"m_sou","m_gre",1
"m_sou","m_gre",1
"m_sou","ers",1
"m_sou","hapa",1
"m_sou","m_dak",1
"m_dak","m_coi",1
"m_dak","jat",1
"m_dak","m_hyd",1
"m_dak","m_gre",1
"m_dak","m_sou",1
"m_dak","m_che",1
"m_dak","m_che",1
"m_dak","m_kan",1
"m_dak","pdy",1
"m_dak","m_kol",1
"m_dak","m_thi",1
"m_dak","m_ban",1
"m_che","m_ahm",1
"m_che","allp",1
"m_che","asn",1
"m_che","bbs",1
"m_che","m_bik",1
"m_che","m_bil",1
"m_che","m_bil",1
"m_che","m_kri",1
"m_che","m_coi",1
"m_che","cpr",1
"m_che","m_gre",1
"m_che","ed",1
"m_che","ers",1
"m_che","m_eas",1
"m_che","m_kol",1
"m_che","m_hyd",1
"m_che","jat",1
"m_che","jp",1
"m_che","m_luc",1
"m_che","m_gre",1
"m_che","m_dak",1
"m_che","mdu",1
"m_che","m_coi",1
"m_che","m_mys",1
"m_che","m_kan",1
"m_che","m_del",1
"m_che","m_jal",1
"m_che","m_nas",1
"m_che","m_del",1
"m_che","plni",1
"m_che","puri",1
"m_che","m_ban",1
"m_che","m_kol",1
"m_che","snsi",1
"m_che","m_kol",1
"m_che","m_ana",1
"m_che","m_chi",1
"m_che","m_thi",1
"m_che","m_dha",1
"m_che","m_sou",1
"m_che","m_vis",1
"m_che","m_ban",1
"mau","m_del",1
"m_bar","m_jod",1
"mds","mtc",1
"mdu","m_deh",1
"mdu","m_hyd",1
"mdu","m_gre",1
"mdu","m_che",1
"mdu","m_che",1
"mdu","m_del",1
"mdu","m_kol",1
"mfp","m_del",1
"mfp","m_gre",1
"mfp","bgp",1
"mfp","bl",1
"mfp","m_deh",1
"mfp","jat",1
"mfp","m_kol",1
"mfp","m_gre",1
"mfp","m_var",1
"mfp","pbr",1
"mfp","m_sur",1
"mfp","umb",1
"mfp","m_ban",1
"m_bha","m_sur",1
"mj","m_uda",1
"m_pat","m_kol",1
"m_pra","m_del",1
"mldt","m_del",1
"mldt","m_eas",1
"mldt","m_del",1
"mldt","m_kol",1
"mldt","m_del",1
"mldt","m_pat",1
"mldt","m_kol",1
"mldt","m_sur",1
"m_nas","m_gre",1
"m_nas","m_nan",1
"m_nas","m_gre",1
"m_nas","m_pun",1
"m_nas","m_hyd",1
"m_siv","m_che",1
"moga","m_del",1
"mq","m_jod",1
"mq","m_coi",1
"mq","m_che",1
"mq","m_chi",1
"mrij","m_pat",1
"mrj","m_sol",1
"mrj","m_dha",1
"m_che","m_kan",1
"m_che","m_eas",1
"m_che","m_dib",1
"m_che","m_gre",1
"m_che","gaya",1
"m_che","m_kam",1
"m_che","guv",1
"m_che","m_jod",1
"m_che","m_hyd",1
"m_che","kik",1
"m_che","m_siv",1
"m_che","m_dak",1
"m_che","mdu",1
"m_che","m_siv",1
"m_che","mq",1
"m_che","m_kan",1
"m_che","pdy",1
"m_che","rmm",1
"m_che","m_tir",1
"m_che","m_tho",1
"m_che","m_tir",1
"m_che","tj",1
"m_che","m_tho",1
"m_che","tpj",1
"m_che","m_thi",1
"m_che","m_nag",1
"mtc","m_all",1
"mtc","m_luc",1
"mtc","mds",1
"m_sal","m_che",1
"mtj","cpr",1
"mtj","m_kol",1
"m_kri","m_hyd",1
"m_kri","m_chi",1
"m_kri","m_vis",1
"m_kri","m_ban",1
"m_coi","m_che",1
"m_coi","m_nil",1
"m_kha","m_hyd",1
"m_var","cpr",1
"m_var","gkp",1
"m_var","jbp",1
"m_var","m_luc",1
"m_var","mfp",1
"m_var","m_del",1
"m_var","m_pun",1
"m_nag","m_coi",1
"m_nag","m_mys",1
"m_uda","mj",1
"m_mys","aii",1
"m_mys","bgk",1
"m_mys","m_var",1
"m_mys","dbg",1
"m_mys","m_gre",1
"m_mys","m_dha",1
"m_mys","m_kol",1
"m_mys","jp",1
"m_mys","m_che",1
"m_mys","m_nag",1
"m_mys","m_del",1
"m_mys","m_ban",1
"m_mys","snsi",1
"m_mys","m_sol",1
"m_mys","m_shi",1
"m_mys","m_tho",1
"m_mys","m_dha",1
"m_koc","m_kol",1
"m_kan","m_coi",1
"m_kan","m_gre",1
"m_kan","m_kac",1
"m_kan","m_hyd",1
"m_kan","m_dak",1
"m_kan","m_che",1
"m_kan","m_che",1
"m_kan","m_ban",1
"m_kan","m_kol",1
"m_del","m_ahm",1
"m_del","m_agr",1
"m_del","aii",1
"m_del","m_all",1
"m_del","m_amr",1
"m_del","bbs",1
"m_del","m_gre",1
"m_del","m_bar",1
"m_del","bgp",1
"m_del","bju",1
"m_del","m_var",1
"m_del","m_bil",1
"m_del","m_bil",1
"m_del","bti",1
"m_del","cdg",1
"m_del","m_kan",1
"m_del","dbg",1
"m_del","m_dib",1
"m_del","m_dib",1
"m_del","m_deh",1
"m_del","gaya",1
"m_del","m_kam",1
"m_del","m_bho",1
"m_del","m_kol",1
"m_del","m_hyd",1
"m_del","m_utt",1
"m_del","jat",1
"m_del","jbp",1
"m_del","juc",1
"m_del","klk",1
"m_del","ldh",1
"m_del","m_luc",1
"m_del","m_luc",1
"m_del","m_che",1
"m_del","mldt",1
"m_del","moga",1
"m_del","m_var",1
"m_del","nhln",1
"m_del","m_jal",1
"m_del","pdy",1
"m_del","puri",1
"m_del","rgd",1
"m_del","m_pat",1
"m_del","m_ran",1
"m_del","rok",1
"m_del","m_ban",1
"m_del","m_kol",1
"m_del","m_ana",1
"m_del","m_thi",1
"m_del","m_una",1
"m_del","uhp",1
"ndt","m_kac",1
"ndt","m_uda",1
"m_nan","m_amr",1
"m_nan","m_aur",1
"m_nan","m_aur",1
"m_nan","m_bik",1
"m_nan","m_gre",1
"m_nan","m_pun",1
"m_nan","m_hyd",1
"m_nan","m_gre",1
"m_nan","m_pun",1
"m_nan","m_ban",1
"m_nan","sbp",1
"m_nan","sgnr",1
"m_nan","m_kol",1
"m_nan","m_una",1
"m_nan","m_vis",1
"m_nag","m_ahm",1
"m_nag","m_jal",1
"m_nag","m_bil",1
"m_nag","m_bil",1
"m_nag","m_gre",1
"m_nag","cwa",1
"m_nag","m_ind",1
"m_nag","jbp",1
"m_nag","jp",1
"m_nag","kop",1
"m_nag","m_pun",1
"m_nag","rewa",1
"m_nag","m_hyd",1
"m_nag","m_sol",1
"nhln","m_kam",1
"nhln","m_del",1
"m_mal","m_thi",1
"m_jal","m_eas",1
"m_jal","m_pat",1
"m_jal","m_kol",1
"m_jal","m_che",1
"m_jal","m_del",1
"m_jal","m_ran",1
"m_jal","m_kol",1
"m_jal","smi",1
"m_jal","m_uda",1
"nldm","m_kol",1
"nldm","m_luc",1
"m_jal","m_kol",1
"m_wes","m_hyd",1
"m_wes","m_nas",1
"m_wes","m_chi",1
"m_wes","m_vis",1
"m_nas","m_che",1
"m_nas","m_wes",1
"m_tin","m_bik",1
"m_tin","m_pat",1
"ntv","m_dur",1
"nzb","m_gre",1
"nzb","m_pun",1
"nzb","m_sol",1
"m_del","m_ahm",1
"m_del","aii",1
"m_del","m_gre",1
"m_del","m_gre",1
"m_del","m_jal",1
"m_del","m_kan",1
"m_del","m_coi",1
"m_del","m_dur",1
"m_del","ers",1
"m_del","m_bho",1
"m_del","m_hyd",1
"m_del","m_ind",1
"m_del","jbp",1
"m_del","jhs",1
"m_del","kop",1
"m_del","kota",1
"m_del","m_gre",1
"m_del","m_che",1
"m_del","mdu",1
"m_del","m_pra",1
"m_del","m_mys",1
"m_del","m_pun",1
"m_del","m_rai",1
"m_del","m_rai",1
"m_del","m_ban",1
"m_del","m_hyd",1
"m_del","m_chi",1
"m_del","m_thi",1
"m_del","m_uda",1
"m_del","m_sou",1
"m_del","m_vis",1
"m_del","m_ban",1
"m_kac","m_ahm",1
"m_kac","m_gre",1
"m_kac","m_var",1
"m_kac","m_bha",1
"m_kac","m_deh",1
"m_kac","ers",1
"m_kac","m_kam",1
"m_kac","gkp",1
"m_kac","m_kol",1
"m_kac","jp",1
"m_kac","ndt",1
"m_kac","puri",1
"m_kac","rmm",1
"m_kac","m_una",1
"m_kac","m_tho",1
"m_nil","m_nil",1
"m_par","kop",1
"m_par","m_pat",1
"m_pra","m_bho",1
"m_pra","m_del",1
"m_pra","m_gre",1
"pbr","m_gre",1
"pbr","m_del",1
"pbr","m_kol",1
"pbr","m_thi",1
"pbr","mfp",1
"pbr","m_hyd",1
"pbr","m_kol",1
"pdy","bbs",1
"pdy","m_kan",1
"pdy","m_gre",1
"pdy","m_kol",1
"pdy","m_dak",1
"pdy","m_che",1
"pdy","m_del",1
"pdy","m_ban",1
"m_mal","m_thi",1
"m_bha","m_gre",1
"plni","m_che",1
"m_pat","m_ahm",1
"m_pat","bbs",1
"m_pat","m_gre",1
"m_pat","m_dha",1
"m_pat","m_bil",1
"m_pat","m_bil",1
"m_pat","m_dha",1
"m_pat","ers",1
"m_pat","m_ran",1
"m_pat","m_kol",1
"m_pat","kir",1
"m_pat","m_kol",1
"m_pat","kota",1
"m_pat","mldt",1
"m_pat","mrij",1
"m_pat","m_par",1
"m_pat","m_pun",1
"m_pat","puri",1
"m_pat","m_ran",1
"m_pat","m_ban",1
"m_pat","m_hyd",1
"m_pat","m_son",1
"m_pat","shc",1
"m_pat","m_kol",1
"m_pat","m_sou",1
"m_pat","cdg",1
"m_pat","m_ban",1
"prdp","m_kol",1
"prdp","m_vis",1
"m_all","m_bar",1
"prr","m_kol",1
"prr","kgp",1
"prr","vm",1
"ptk","m_del",1
"m_pun","m_ahm",1
"m_pun","m_amr",1
"m_pun","bbs",1
"m_pun","m_jod",1
"m_pun","m_kac",1
"m_pun","m_pun",1
"m_pun","m_jal",1
"m_pun","m_bil",1
"m_pun","m_bil",1
"m_pun","m_gre",1
"m_pun","dbg",1
"m_pun","ers",1
"m_pun","gkp",1
"m_pun","gwl",1
"m_pun","m_ran",1
"m_pun","m_kol",1
"m_pun","m_hyd",1
"m_pun","m_ind",1
"m_pun","jat",1
"m_pun","jbp",1
"m_pun","jp",1
"m_pun","kyq",1
"m_pun","m_luc",1
"m_pun","m_nas",1
"m_pun","m_var",1
"m_pun","m_nan",1
"m_pun","m_nag",1
"m_pun","nzb",1
"m_pun","m_del",1
"m_pun","m_pat",1
"m_pun","m_hyd",1
"m_pun","m_sol",1
"m_pun","m_jun",1
"m_pun","m_jun",1
"puri","m_ahm",1
"puri","aii",1
"puri","bbn",1
"puri","m_bik",1
"puri","bl",1
"puri","m_eas",1
"puri","m_dur",1
"puri","m_kam",1
"puri","m_kac",1
"puri","m_ran",1
"puri","hw",1
"puri","m_kol",1
"puri","m_jod",1
"puri","jyg",1
"puri","kyq",1
"puri","m_gre",1
"puri","m_che",1
"puri","m_del",1
"puri","m_kac",1
"puri","m_pat",1
"puri","sbp",1
"puri","m_kol",1
"puri","m_kol",1
"puri","snsi",1
"puri","m_kol",1
"puri","m_sur",1
"puri","m_chi",1
"puri","m_ban",1
"m_kol","mdu",1
"m_viz","m_ana",1
"m_sol","m_gre",1
"m_sol","mrj",1
"m_sol","m_amr",1
"m_sol","nzb",1
"m_sol","m_ban",1
"m_luc","m_luc",1
"m_kol","m_vis",1
"r","m_dur",1
"r","m_luc",1
"m_gun","m_hyd",1
"rbl","m_gre",1
"m_utt","m_del",1
"m_utt","m_kol",1
"rewa","m_del",1
"rewa","m_bil",1
"rewa","m_bil",1
"rewa","chrm",1
"rewa","m_bho",1
"rewa","m_ind",1
"rewa","jbp",1
"rewa","m_nag",1
"rewa","rjt",1
"rgd","m_var",1
"rgd","m_pat",1
"rgd","m_del",1
"rgda","m_kri",1
"m_rai","g",1
"m_rai","g",1
"m_rai","m_del",1
"m_rai","m_del",1
"m_pat","aii",1
"m_pat","baka",1
"m_pat","m_dur",1
"m_pat","m_ran",1
"m_pat","m_ind",1
"m_pat","m_utt",1
"m_pat","jat",1
"m_pat","m_gre",1
"m_pat","m_del",1
"m_pat","m_tin",1
"rjt","m_coi",1
"rjt","m_del",1
"rjt","rewa",1
"rjt","m_hyd",1
"m_eas","m_chi",1
"m_deh","jat",1
"m_deh","sgnr",1
"rmm","bbs",1
"rmm","m_var",1
"rmm","m_kan",1
"rmm","m_coi",1
"rmm","m_che",1
"rmm","m_kac",1
"rmm","m_chi",1
"rmr","m_gre",1
"rmr","m_var",1
"rmr","cdg",1
"rmr","m_del",1
"rmr","hw",1
"rmr","jsm",1
"rn","m_gre",1
"m_ran","aii",1
"m_ran","bgp",1
"m_ran","m_var",1
"m_ran","dumk",1
"m_ran","m_kol",1
"m_ran","jyg",1
"m_ran","kyq",1
"m_ran","m_gre",1
"m_ran","m_del",1
"m_ran","m_jal",1
"m_ran","m_pat",1
"m_kam","m_dib",1
"rok","m_del",1
"rou","bbs",1
"rou","jat",1
"rou","krpu",1
"rph","m_kol",1
"rph","m_kol",1
"rtm","m_agr",1
"rtm","aii",1
"m_chi","m_aur",1
"m_chi","m_aur",1
"m_pur","m_del",1
"m_pur","m_kol",1
"m_pur","m_hyd",1
"m_sal","m_che",1
"m_ban","aii",1
"m_ban","bbs",1
"m_ban","can",1
"m_ban","m_kan",1
"m_ban","m_eas",1
"m_ban","m_gre",1
"m_ban","m_dib",1
"m_ban","m_dha",1
"m_ban","ers",1
"m_ban","m_kam",1
"m_ban","m_kac",1
"m_ban","m_jod",1
"m_ban","kawr",1
"m_ban","m_hyd",1
"m_ban","m_thi",1
"m_ban","kop",1
"m_ban","m_che",1
"m_ban","m_mys",1
"m_ban","m_kan",1
"m_ban","m_del",1
"m_ban","m_nan",1
"m_ban","m_del",1
"m_ban","m_pat",1
"m_ban","m_shi",1
"m_ban","m_shi",1
"m_ban","m_chi",1
"m_ban","m_dha",1
"sbg","m_pat",1
"sbp","m_var",1
"sbp","m_kol",1
"sbp","m_nan",1
"sbp","puri",1
"sbp","rgda",1
"sbp","m_ban",1
"m_hyd","bbs",1
"m_hyd","m_kha",1
"m_hyd","m_bik",1
"m_hyd","bpq",1
"m_hyd","m_kri",1
"m_hyd","m_eas",1
"m_hyd","m_eas",1
"m_hyd","m_gre",1
"m_hyd","dbg",1
"m_hyd","gdr",1
"m_hyd","m_kam",1
"m_hyd","gkp",1
"m_hyd","m_gun",1
"m_hyd","m_kol",1
"m_hyd","jp",1
"m_hyd","krnt",1
"m_hyd","m_gre",1
"m_hyd","m_nas",1
"m_hyd","m_kri",1
"m_hyd","m_kha",1
"m_hyd","m_nag",1
"m_hyd","m_del",1
"m_hyd","pbr",1
"m_hyd","m_pat",1
"m_hyd","m_pun",1
"m_hyd","m_gun",1
"m_hyd","rjt",1
"m_hyd","m_kol",1
"m_hyd","m_adi",1
"m_hyd","snsi",1
"m_hyd","m_chi",1
"m_hyd","m_dha",1
"m_hyd","m_vis",1
"m_hyd","m_ban",1
"m_tir","m_che",1
"m_kol","aii",1
"m_kol","m_jal",1
"m_kol","asn",1
"m_kol","m_amr",1
"m_kol","m_var",1
"m_kol","bui",1
"m_kol","m_del",1
"m_kol","m_kam",1
"m_kol","jyg",1
"m_kol","m_mur",1
"m_kol","m_koc",1
"m_kol","m_del",1
"m_kol","m_jal",1
"m_kol","m_jal",1
"m_kol","puri",1
"m_kol","rph",1
"m_kol","shc",1
"m_kol","m_uda",1
"sdl","abkp",1
"sgnr","m_del",1
"sgnr","m_kol",1
"sgnr","jat",1
"sgnr","kota",1
"sgnr","m_nan",1
"sgnr","m_deh",1
"sgnr","umb",1
"m_son","m_bar",1
"m_son","m_var",1
"m_son","jbp",1
"m_son","m_pat",1
"m_jal","kir",1
"m_jal","m_jal",1
"shc","m_del",1
"shc","m_amr",1
"shc","m_pat",1
"shc","m_pat",1
"shc","m_kol",1
"m_kol","m_kac",1
"m_kol","m_bok",1
"m_kol","gkp",1
"m_kol","m_gre",1
"m_kol","m_che",1
"m_kol","m_kan",1
"m_kol","m_pat",1
"m_kol","puri",1
"m_kol","m_hyd",1
"m_kol","m_thi",1
"m_kol","m_uda",1
"m_kol","m_vis",1
"m_nag","dbb",1
"sina","m_ana",1
"m_son","m_bar",1
"m_son","m_var",1
"m_adi","m_hyd",1
"sln","m_ahm",1
"sln","m_del",1
"sln","m_gre",1
"m_shi","m_ban",1
"m_shi","m_ban",1
"smi","m_del",1
"smi","m_kol",1
"smi","m_jal",1
"sml","klk",1
"m_una","jbp",1
"m_una","m_kac",1
"snsi","m_kri",1
"snsi","m_gre",1
"snsi","m_gre",1
"snsi","m_kol",1
"snsi","klk",1
"snsi","m_che",1
"snsi","m_mys",1
"snsi","puri",1
"snsi","m_hyd",1
"spc","m_del",1
"m_kol","aii",1
"m_kol","m_del",1
"m_kol","m_dak",1
"m_kol","m_che",1
"m_kol","m_nan",1
"m_kol","pbr",1
"m_kol","prdp",1
"m_kol","prr",1
"m_kol","puri",1
"m_kol","m_chi",1
"sre","m_all",1
"srr","m_thi",1
"m_ana","m_kol",1
"m_ana","m_che",1
"m_sur","m_amr",1
"m_sur","m_gre",1
"m_sur","m_gre",1
"m_sur","bgp",1
"m_sur","m_jal",1
"m_sur","cpr",1
"m_sur","hapa",1
"m_sur","jam",1
"m_sur","mfp",1
"m_sur","m_bha",1
"m_sur","mldt",1
"m_sur","puri",1
"m_sol","bjp",1
"m_sol","m_gre",1
"m_sol","m_dha",1
"m_sol","g",1
"m_sol","kop",1
"m_sol","m_mys",1
"m_sol","m_nag",1
"m_sol","m_pun",1
"m_sol","m_dha",1
"m_sol","m_ban",1
"m_bir","m_kol",1
"m_ana","m_ahm",1
"m_ana","m_del",1
"m_ana","m_bil",1
"m_ana","m_bil",1
"m_ana","cpr",1
"m_ana","m_del",1
"m_ana","klk",1
"m_ana","m_luc",1
"m_ana","m_del",1
"m_ana","m_ban",1
"swv","diva",1
"swv","m_gre",1
"tata","allp",1
"tata","asn",1
"tata","m_amr",1
"tata","m_bil",1
"tata","m_bil",1
"tata","cpr",1
"tata","m_dha",1
"tata","m_pat",1
"tata","m_kol",1
"tata","m_nag",1
"tata","jat",1
"tata","m_vis",1
"tata","m_ban",1
"m_tho","m_che",1
"m_tir","m_bil",1
"m_tir","m_bil",1
"m_tir","m_gre",1
"m_tir","hapa",1
"m_tir","jat",1
"m_tir","m_che",1
"m_tir","tpj",1
"m_bol","m_kol",1
"tj","m_che",1
"m_shi","m_mys",1
"m_shi","m_ban",1
"m_tho","m_coi",1
"m_tho","m_che",1
"m_tho","m_mys",1
"m_tho","m_kac",1
"tpj","m_kol",1
"tpj","m_che",1
"tpj","m_tir",1
"m_chi","m_adi",1
"m_chi","m_amr",1
"m_chi","bbs",1
"m_chi","m_bil",1
"m_chi","m_bil",1
"m_chi","m_coi",1
"m_chi","m_mys",1
"m_chi","m_eas",1
"m_chi","m_ana",1
"m_chi","m_hyd",1
"m_chi","m_hyd",1
"m_chi","kop",1
"m_chi","krmr",1
"m_chi","m_che",1
"m_chi","mq",1
"m_chi","m_kri",1
"m_chi","m_del",1
"m_chi","puri",1
"m_chi","m_eas",1
"m_chi","rmm",1
"m_chi","m_ban",1
"m_chi","m_hyd",1
"m_chi","m_kol",1
"m_chi","m_dha",1
"m_chi","m_vis",1
"m_chi","m_viz",1
"tpu","m_luc",1
"m_thi","can",1
"m_thi","clt",1
"m_thi","m_gre",1
"m_thi","ers",1
"m_thi","m_kam",1
"m_thi","gkp",1
"m_thi","guv",1
"m_thi","m_hyd",1
"m_thi","m_ind",1
"m_thi","m_kor",1
"m_thi","m_gre",1
"m_thi","m_dak",1
"m_thi","m_che",1
"m_thi","m_che",1
"m_thi","m_del",1
"m_thi","m_mal",1
"m_thi","m_del",1
"m_thi","m_mal",1
"m_thi","m_kol",1
"m_thi","srr",1
"m_thi","m_jun",1
"m_thi","m_jun",1
"m_nil","m_coi",1
"m_nil","m_nil",1
"m_dha","m_kri",1
"m_dha","m_thi",1
"m_dha","m_gre",1
"m_dha","m_che",1
"m_dha","mrj",1
"m_dha","m_mys",1
"m_dha","m_del",1
"m_dha","m_ban",1
"m_dha","m_hyd",1
"m_dha","m_sol",1
"m_dha","m_chi",1
"m_dha","m_sou",1
"m_sur","m_var",1
"m_uda","m_ahm",1
"m_uda","m_gre",1
"m_uda","m_del",1
"m_uda","m_ind",1
"m_uda","jp",1
"m_uda","kurj",1
"m_uda","ndt",1
"m_uda","m_jal",1
"m_uda","m_del",1
"m_uda","rtm",1
"m_uda","m_kol",1
"m_uda","m_kol",1
"m_una","hw",1
"m_una","m_del",1
"m_una","m_nan",1
"uhp","m_ahm",1
"uhp","m_del",1
"uhp","m_del",1
"uhp","kota",1
"uhp","m_del",1
"ujn","ak",1
"ujn","m_deh",1
"umb","m_del",1
"umb","mfp",1
"umb","sgnr",1
"vkb","m_gun",1
"m_nag","m_che",1
"m_nag","m_sou",1
"vm","kgp",1
"vm","prr",1
"m_jun","m_ahm",1
"m_jun","m_ahm",1
"m_jun","m_gre",1
"m_jun","m_gre",1
"m_jun","m_pun",1
"m_jun","m_pun",1
"m_jun","m_thi",1
"m_jun","m_thi",1
"m_sou","m_kol",1
"m_sou","m_che",1
"m_sou","m_del",1
"m_sou","m_pat",1
"m_sou","m_ban",1
"m_sou","m_nag",1
"m_sou","m_ban",1
"m_vis","m_amr",1
"m_vis","bbs",1
"m_vis","m_jod",1
"m_vis","m_kri",1
"m_vis","m_eas",1
"m_vis","m_dur",1
"m_vis","m_kac",1
"m_vis","m_gun",1
"m_vis","m_hyd",1
"m_vis","m_ban",1
"m_vis","m_kor",1
"m_vis","krdl",1
"m_vis","m_gre",1
"m_vis","m_che",1
"m_vis","m_kri",1
"m_vis","m_wes",1
"m_vis","m_nan",1
"m_vis","m_wes",1
"m_vis","m_del",1
"m_vis","prdp",1
"m_vis","m_kol",1
"m_vis","m_hyd",1
"m_vis","m_kol",1
"m_vis","snsi",1
"m_vis","tata",1
"m_vis","m_chi",1
"m_viz","m_chi",1
"m_ban","m_ahm",1
"m_ban","bbs",1
"m_ban","bgp",1
"m_ban","bidr",1
"m_ban","m_bik",1
"m_ban","m_bar",1
"m_ban","can",1
"m_ban","m_coi",1
"m_ban","cdg",1
"m_ban","m_del",1
"m_ban","gkp",1
"m_ban","hrr",1
"m_ban","m_ran",1
"m_ban","m_kol",1
"m_ban","m_ind",1
"m_ban","jbp",1
"m_ban","jp",1
"m_ban","kawr",1
"m_ban","m_hyd",1
"m_ban","m_thi",1
"m_ban","m_kor",1
"m_ban","kyq",1
"m_ban","m_luc",1
"m_ban","m_dak",1
"m_ban","m_che",1
"m_ban","mfp",1
"m_ban","m_kri",1
"m_ban","m_del",1
"m_ban","pdy",1
"m_ban","m_pat",1
"m_ban","puri",1
"m_ban","sbp",1
"m_ban","m_hyd",1
"m_ban","m_shi",1
"m_ban","m_sol",1
"m_ban","m_ana",1
"m_ban","tata",1
"m_ban","m_chi",1
"m_ban","m_sou",1
